id,plan_version_id,executive_id,executive_name,total_km,total_travel_minutes,total_waiting_minutes,total_service_minutes,total_duration_minutes,visit_count,return_time,is_feasible
1,1,E01,Vikram Singh,11.36,27.27,69.17,110.0,206.44,6,11:56,1
2,1,E02,Rajesh Kumar,25.9,62.17,147.45,180.0,389.62,9,15:30,1
3,1,E03,Ananya Sen,17.59,42.22,249.13,195.0,486.35,10,16:36,1
4,1,E04,Karthik Raja,73.57,176.56,37.1,240.0,453.66,12,16:34,1
5,1,E05,Deepak Verma,30.31,72.76,84.14,260.0,416.9,14,15:57,1
6,1,E06,Suresh Nair,23.76,57.03,71.68,195.0,323.71,9,13:54,1
7,2,E01,Vikram Singh,11.36,27.27,69.17,110.0,206.44,6,11:56,1
8,2,E02,Rajesh Kumar,25.9,62.17,147.45,180.0,389.62,9,15:30,1
9,2,E03,Ananya Sen,17.59,42.22,249.13,195.0,486.35,10,16:36,1
10,2,E04,Karthik Raja,73.57,176.56,37.1,240.0,453.66,12,16:34,1
11,2,E05,Deepak Verma,30.31,72.76,84.14,260.0,416.9,14,15:57,1
12,2,E06,Suresh Nair,23.76,57.03,71.68,195.0,323.71,9,13:54,1
13,3,E01,Vikram Singh,11.36,27.27,69.17,110.0,206.44,6,11:56,1
14,3,E02,Rajesh Kumar,25.9,62.17,147.45,180.0,389.62,9,15:30,1
15,3,E03,Ananya Sen,17.59,42.22,249.13,195.0,486.35,10,16:36,1
16,3,E04,Karthik Raja,73.57,176.56,37.1,240.0,453.66,12,16:34,1
17,3,E05,Deepak Verma,30.31,72.76,84.14,260.0,416.9,14,15:57,1
18,3,E06,Suresh Nair,23.76,57.03,71.68,195.0,323.71,9,13:54,1
19,4,E01,Vikram Singh,11.36,27.27,69.17,110.0,206.44,6,11:56,1
20,4,E02,Rajesh Kumar,25.9,62.17,147.45,180.0,389.62,9,15:30,1
21,4,E03,Ananya Sen,17.59,42.22,249.13,195.0,486.35,10,16:36,1
22,4,E04,Karthik Raja,73.57,176.56,37.1,240.0,453.66,12,16:34,1
23,4,E05,Deepak Verma,30.31,72.76,84.14,260.0,416.9,14,15:57,1
24,4,E06,Suresh Nair,23.76,57.03,71.68,195.0,323.71,9,13:54,1
25,5,E01,Vikram Singh,11.36,27.27,69.17,110.0,206.44,6,11:56,1
26,5,E02,Rajesh Kumar,25.9,62.17,147.45,180.0,389.62,9,15:30,1
27,5,E03,Ananya Sen,17.59,42.22,249.13,195.0,486.35,10,16:36,1
28,5,E04,Karthik Raja,73.57,176.56,37.1,240.0,453.66,12,16:34,1
29,5,E05,Deepak Verma,30.31,72.76,84.14,260.0,416.9,14,15:57,1
30,5,E06,Suresh Nair,23.76,57.03,71.68,195.0,323.71,9,13:54,1
31,6,E01,Vikram Singh,11.36,27.27,69.17,110.0,206.44,6,11:56,1
32,6,E02,Rajesh Kumar,25.9,62.17,147.45,180.0,389.62,9,15:30,1
33,6,E03,Ananya Sen,17.59,42.22,249.13,195.0,486.35,10,16:36,1
34,6,E04,Karthik Raja,73.57,176.56,37.1,240.0,453.66,12,16:34,1
35,6,E05,Deepak Verma,30.31,72.76,84.14,260.0,416.9,14,15:57,1
36,6,E06,Suresh Nair,23.76,57.03,71.68,195.0,323.71,9,13:54,1
37,7,E01,Vikram Singh,11.36,27.27,69.17,110.0,206.44,6,11:56,1
38,7,E02,Rajesh Kumar,25.9,62.17,147.45,180.0,389.62,9,15:30,1
39,7,E03,Ananya Sen,17.59,42.22,249.13,195.0,486.35,10,16:36,1
40,7,E04,Karthik Raja,73.57,176.56,37.1,240.0,453.66,12,16:34,1
41,7,E05,Deepak Verma,30.31,72.76,84.14,260.0,416.9,14,15:57,1
42,7,E06,Suresh Nair,23.76,57.03,71.68,195.0,323.71,9,13:54,1
43,8,E01,Vikram Singh,11.36,27.27,69.17,110.0,206.44,6,11:56,1
44,8,E02,Rajesh Kumar,25.9,62.17,147.45,180.0,389.62,9,15:30,1
45,8,E03,Ananya Sen,17.59,42.22,249.13,195.0,486.35,10,16:36,1
46,8,E04,Karthik Raja,73.57,176.56,37.1,240.0,453.66,12,16:34,1
47,8,E05,Deepak Verma,30.31,72.76,84.14,260.0,416.9,14,15:57,1
48,8,E06,Suresh Nair,23.76,57.03,71.68,195.0,323.71,9,13:54,1
49,9,E01,Vikram Singh,11.36,27.27,69.17,110.0,206.44,6,11:56,1
50,9,E02,Rajesh Kumar,25.9,62.17,147.45,180.0,389.62,9,15:30,1
51,9,E03,Ananya Sen,17.59,42.22,249.13,195.0,486.35,10,16:36,1
52,9,E04,Karthik Raja,73.57,176.56,37.1,240.0,453.66,12,16:34,1
53,9,E05,Deepak Verma,30.31,72.76,84.14,260.0,416.9,14,15:57,1
54,9,E06,Suresh Nair,23.76,57.03,71.68,195.0,323.71,9,13:54,1
55,10,E01,Vikram Singh,11.36,27.27,69.17,110.0,206.44,6,11:56,1
56,10,E02,Rajesh Kumar,25.9,62.17,147.45,180.0,389.62,9,15:30,1
57,10,E03,Ananya Sen,17.59,42.22,249.13,195.0,486.35,10,16:36,1
58,10,E04,Karthik Raja,73.57,176.56,37.1,240.0,453.66,12,16:34,1
59,10,E05,Deepak Verma,30.31,72.76,84.14,260.0,416.9,14,15:57,1
60,10,E06,Suresh Nair,23.76,57.03,71.68,195.0,323.71,9,13:54,1
61,11,E01,Vikram Singh,11.36,27.27,69.17,110.0,206.44,6,11:56,1
62,11,E02,Rajesh Kumar,25.9,62.17,147.45,180.0,389.62,9,15:30,1
63,11,E03,Ananya Sen,17.59,42.22,249.13,195.0,486.35,10,16:36,1
64,11,E04,Karthik Raja,73.57,176.56,37.1,240.0,453.66,12,16:34,1
65,11,E05,Deepak Verma,30.31,72.76,84.14,260.0,416.9,14,15:57,1
66,11,E06,Suresh Nair,23.76,57.03,71.68,195.0,323.71,9,13:54,1
67,12,E01,Vikram Singh,11.36,27.27,69.17,110.0,206.44,6,11:56,1
68,12,E02,Rajesh Kumar,25.9,62.17,147.45,180.0,389.62,9,15:30,1
69,12,E03,Ananya Sen,17.59,42.22,249.13,195.0,486.35,10,16:36,1
70,12,E04,Karthik Raja,73.57,176.56,37.1,240.0,453.66,12,16:34,1
71,12,E05,Deepak Verma,30.31,72.76,84.14,260.0,416.9,14,15:57,1
72,12,E06,Suresh Nair,23.76,57.03,71.68,195.0,323.71,9,13:54,1
73,13,E01,Vikram Singh,11.36,27.27,69.17,110.0,206.44,6,11:56,1
74,13,E02,Rajesh Kumar,25.9,62.17,147.45,180.0,389.62,9,15:30,1
75,13,E03,Ananya Sen,17.59,42.22,249.13,195.0,486.35,10,16:36,1
76,13,E04,Karthik Raja,73.57,176.56,37.1,240.0,453.66,12,16:34,1
77,13,E05,Deepak Verma,30.31,72.76,84.14,260.0,416.9,14,15:57,1
78,13,E06,Suresh Nair,23.76,57.03,71.68,195.0,323.71,9,13:54,1
79,14,E01,Vikram Singh,11.36,27.27,69.17,110.0,206.44,6,11:56,1
80,14,E02,Rajesh Kumar,25.9,62.17,147.45,180.0,389.62,9,15:30,1
81,14,E03,Ananya Sen,17.59,42.22,249.13,195.0,486.35,10,16:36,1
82,14,E04,Karthik Raja,73.57,176.56,37.1,240.0,453.66,12,16:34,1
83,14,E05,Deepak Verma,30.31,72.76,84.14,260.0,416.9,14,15:57,1
84,14,E06,Suresh Nair,23.76,57.03,71.68,195.0,323.71,9,13:54,1
85,15,E01,Vikram Singh,11.36,27.27,69.17,110.0,206.44,6,11:56,1
86,15,E02,Rajesh Kumar,25.9,62.17,147.45,180.0,389.62,9,15:30,1
87,15,E03,Ananya Sen,17.59,42.22,249.13,195.0,486.35,10,16:36,1
88,15,E04,Karthik Raja,73.57,176.56,37.1,240.0,453.66,12,16:34,1
89,15,E05,Deepak Verma,30.31,72.76,84.14,260.0,416.9,14,15:57,1
90,15,E06,Suresh Nair,23.76,57.03,71.68,195.0,323.71,9,13:54,1
91,16,E01,Vikram Singh,11.36,27.27,69.17,110.0,206.44,6,11:56,1
92,16,E02,Rajesh Kumar,25.9,62.17,147.45,180.0,389.62,9,15:30,1
93,16,E03,Ananya Sen,17.59,42.22,249.13,195.0,486.35,10,16:36,1
94,16,E04,Karthik Raja,73.57,176.56,37.1,240.0,453.66,12,16:34,1
95,16,E05,Deepak Verma,30.31,72.76,84.14,260.0,416.9,14,15:57,1
96,16,E06,Suresh Nair,23.76,57.03,71.68,195.0,323.71,9,13:54,1
97,17,E01,Vikram Singh,11.36,27.27,69.17,110.0,206.44,6,11:56,1
98,17,E02,Rajesh Kumar,25.9,62.17,147.45,180.0,389.62,9,15:30,1
99,17,E03,Ananya Sen,17.59,42.22,249.13,195.0,486.35,10,16:36,1
100,17,E04,Karthik Raja,73.57,176.56,37.1,240.0,453.66,12,16:34,1
101,17,E05,Deepak Verma,30.31,72.76,84.14,260.0,416.9,14,15:57,1
102,17,E06,Suresh Nair,23.76,57.03,71.68,195.0,323.71,9,13:54,1
103,18,E01,Vikram Singh,11.36,27.27,69.17,110.0,206.44,6,11:56,1
104,18,E02,Rajesh Kumar,25.9,62.17,147.45,180.0,389.62,9,15:30,1
105,18,E03,Ananya Sen,17.59,42.22,249.13,195.0,486.35,10,16:36,1
106,18,E04,Karthik Raja,73.57,176.56,37.1,240.0,453.66,12,16:34,1
107,18,E05,Deepak Verma,30.31,72.76,84.14,260.0,416.9,14,15:57,1
108,18,E06,Suresh Nair,23.76,57.03,71.68,195.0,323.71,9,13:54,1
109,19,E01,Vikram Singh,11.36,27.27,69.17,110.0,206.44,6,11:56,1
110,19,E02,Rajesh Kumar,25.9,62.17,147.45,180.0,389.62,9,15:30,1
111,19,E03,Ananya Sen,17.59,42.22,249.13,195.0,486.35,10,16:36,1
112,19,E04,Karthik Raja,73.57,176.56,37.1,240.0,453.66,12,16:34,1
113,19,E05,Deepak Verma,30.31,72.76,84.14,260.0,416.9,14,15:57,1
114,19,E06,Suresh Nair,23.76,57.03,71.68,195.0,323.71,9,13:54,1
115,20,E01,Vikram Singh,11.36,27.27,69.17,110.0,206.44,6,11:56,1
116,20,E02,Rajesh Kumar,25.9,62.17,147.45,180.0,389.62,9,15:30,1
117,20,E03,Ananya Sen,17.59,42.22,249.13,195.0,486.35,10,16:36,1
118,20,E04,Karthik Raja,73.57,176.56,37.1,240.0,453.66,12,16:34,1
119,20,E05,Deepak Verma,30.31,72.76,84.14,260.0,416.9,14,15:57,1
120,20,E06,Suresh Nair,23.76,57.03,71.68,195.0,323.71,9,13:54,1
121,21,E01,Vikram Singh,11.36,27.27,69.17,110.0,206.44,6,11:56,1
122,21,E02,Rajesh Kumar,25.9,62.17,147.45,180.0,389.62,9,15:30,1
123,21,E03,Ananya Sen,17.59,42.22,249.13,195.0,486.35,10,16:36,1
124,21,E04,Karthik Raja,73.57,176.56,37.1,240.0,453.66,12,16:34,1
125,21,E05,Deepak Verma,30.31,72.76,84.14,260.0,416.9,14,15:57,1
126,21,E06,Suresh Nair,23.76,57.03,71.68,195.0,323.71,9,13:54,1
127,22,E01,Vikram Singh,11.36,27.27,69.17,110.0,206.44,6,11:56,1
128,22,E02,Rajesh Kumar,25.9,62.17,147.45,180.0,389.62,9,15:30,1
129,22,E03,Ananya Sen,17.59,42.22,249.13,195.0,486.35,10,16:36,1
130,22,E04,Karthik Raja,73.57,176.56,37.1,240.0,453.66,12,16:34,1
131,22,E05,Deepak Verma,30.31,72.76,84.14,260.0,416.9,14,15:57,1
132,22,E06,Suresh Nair,23.76,57.03,71.68,195.0,323.71,9,13:54,1
133,23,E01,Vikram Singh,11.36,27.27,69.17,110.0,206.44,6,11:56,1
134,23,E02,Rajesh Kumar,25.9,62.17,147.45,180.0,389.62,9,15:30,1
135,23,E03,Ananya Sen,17.59,42.22,249.13,195.0,486.35,10,16:36,1
136,23,E04,Karthik Raja,73.57,176.56,37.1,240.0,453.66,12,16:34,1
137,23,E05,Deepak Verma,30.31,72.76,84.14,260.0,416.9,14,15:57,1
138,23,E06,Suresh Nair,23.76,57.03,71.68,195.0,323.71,9,13:54,1
139,24,E01,Vikram Singh,11.36,27.27,69.17,110.0,206.44,6,11:56,1
140,24,E02,Rajesh Kumar,25.9,62.17,147.45,180.0,389.62,9,15:30,1
141,24,E03,Ananya Sen,17.59,42.22,249.13,195.0,486.35,10,16:36,1
142,24,E04,Karthik Raja,73.57,176.56,37.1,240.0,453.66,12,16:34,1
143,24,E05,Deepak Verma,30.31,72.76,84.14,260.0,416.9,14,15:57,1
144,24,E06,Suresh Nair,23.76,57.03,71.68,195.0,323.71,9,13:54,1
145,25,E01,Vikram Singh,11.36,27.27,69.17,110.0,206.44,6,11:56,1
146,25,E02,Rajesh Kumar,25.9,62.17,147.45,180.0,389.62,9,15:30,1
147,25,E03,Ananya Sen,17.59,42.22,249.13,195.0,486.35,10,16:36,1
148,25,E04,Karthik Raja,73.57,176.56,37.1,240.0,453.66,12,16:34,1
149,25,E05,Deepak Verma,30.31,72.76,84.14,260.0,416.9,14,15:57,1
150,25,E06,Suresh Nair,23.76,57.03,71.68,195.0,323.71,9,13:54,1
151,26,E01,Vikram Singh,11.36,27.27,69.17,110.0,206.44,6,11:56,1
152,26,E02,Rajesh Kumar,25.9,62.17,147.45,180.0,389.62,9,15:30,1
153,26,E03,Ananya Sen,17.59,42.22,249.13,195.0,486.35,10,16:36,1
154,26,E04,Karthik Raja,73.57,176.56,37.1,240.0,453.66,12,16:34,1
155,26,E05,Deepak Verma,30.31,72.76,84.14,260.0,416.9,14,15:57,1
156,26,E06,Suresh Nair,23.76,57.03,71.68,195.0,323.71,9,13:54,1
157,27,E01,Vikram Singh,11.36,27.27,69.17,110.0,206.44,6,11:56,1
158,27,E02,Rajesh Kumar,25.9,62.17,147.45,180.0,389.62,9,15:30,1
159,27,E03,Ananya Sen,17.59,42.22,249.13,195.0,486.35,10,16:36,1
160,27,E04,Karthik Raja,73.57,176.56,37.1,240.0,453.66,12,16:34,1
161,27,E05,Deepak Verma,30.31,72.76,84.14,260.0,416.9,14,15:57,1
162,27,E06,Suresh Nair,23.76,57.03,71.68,195.0,323.71,9,13:54,1
163,28,E01,Vikram Singh,11.36,27.27,69.17,110.0,206.44,6,11:56,1
164,28,E02,Rajesh Kumar,25.9,62.17,147.45,180.0,389.62,9,15:30,1
165,28,E03,Ananya Sen,17.59,42.22,249.13,195.0,486.35,10,16:36,1
166,28,E04,Karthik Raja,73.57,176.56,37.1,240.0,453.66,12,16:34,1
167,28,E05,Deepak Verma,30.31,72.76,84.14,260.0,416.9,14,15:57,1
168,28,E06,Suresh Nair,23.76,57.03,71.68,195.0,323.71,9,13:54,1
169,29,E01,Vikram Singh,11.36,27.27,69.17,110.0,206.44,6,11:56,1
170,29,E02,Rajesh Kumar,25.9,62.17,147.45,180.0,389.62,9,15:30,1
171,29,E03,Ananya Sen,17.59,42.22,249.13,195.0,486.35,10,16:36,1
172,29,E04,Karthik Raja,73.57,176.56,37.1,240.0,453.66,12,16:34,1
173,29,E05,Deepak Verma,30.31,72.76,84.14,260.0,416.9,14,15:57,1
174,29,E06,Suresh Nair,23.76,57.03,71.68,195.0,323.71,9,13:54,1
175,30,E01,Vikram Singh,11.36,27.27,69.17,110.0,206.44,6,11:56,1
176,30,E02,Rajesh Kumar,25.9,62.17,147.45,180.0,389.62,9,15:30,1
177,30,E03,Ananya Sen,17.59,42.22,249.13,195.0,486.35,10,16:36,1
178,30,E04,Karthik Raja,73.57,176.56,37.1,240.0,453.66,12,16:34,1
179,30,E05,Deepak Verma,30.31,72.76,84.14,260.0,416.9,14,15:57,1
180,30,E06,Suresh Nair,23.76,57.03,71.68,195.0,323.71,9,13:54,1
181,31,E01,Vikram Singh,11.36,27.27,69.17,110.0,206.44,6,11:56,1
182,31,E02,Rajesh Kumar,25.9,62.17,147.45,180.0,389.62,9,15:30,1
183,31,E03,Ananya Sen,17.59,42.22,249.13,195.0,486.35,10,16:36,1
184,31,E04,Karthik Raja,73.57,176.56,37.1,240.0,453.66,12,16:34,1
185,31,E05,Deepak Verma,30.31,72.76,84.14,260.0,416.9,14,15:57,1
186,31,E06,Suresh Nair,23.76,57.03,71.68,195.0,323.71,9,13:54,1
187,32,E01,Vikram Singh,11.36,27.27,69.17,110.0,206.44,6,11:56,1
188,32,E02,Rajesh Kumar,25.9,62.17,147.45,180.0,389.62,9,15:30,1
189,32,E03,Ananya Sen,17.59,42.22,249.13,195.0,486.35,10,16:36,1
190,32,E04,Karthik Raja,73.57,176.56,37.1,240.0,453.66,12,16:34,1
191,32,E05,Deepak Verma,30.31,72.76,84.14,260.0,416.9,14,15:57,1
192,32,E06,Suresh Nair,23.76,57.03,71.68,195.0,323.71,9,13:54,1
193,33,E01,Vikram Singh,11.36,27.27,69.17,110.0,206.44,6,11:56,1
194,33,E02,Rajesh Kumar,25.9,62.17,147.45,180.0,389.62,9,15:30,1
195,33,E03,Ananya Sen,17.59,42.22,249.13,195.0,486.35,10,16:36,1
196,33,E04,Karthik Raja,73.57,176.56,37.1,240.0,453.66,12,16:34,1
197,33,E05,Deepak Verma,30.31,72.76,84.14,260.0,416.9,14,15:57,1
198,33,E06,Suresh Nair,23.76,57.03,71.68,195.0,323.71,9,13:54,1
199,34,E01,Vikram Singh,11.36,27.27,69.17,110.0,206.44,6,11:56,1
200,34,E02,Rajesh Kumar,25.9,62.17,147.45,180.0,389.62,9,15:30,1
201,34,E03,Ananya Sen,17.59,42.22,249.13,195.0,486.35,10,16:36,1
202,34,E04,Karthik Raja,73.57,176.56,37.1,240.0,453.66,12,16:34,1
203,34,E05,Deepak Verma,30.31,72.76,84.14,260.0,416.9,14,15:57,1
204,34,E06,Suresh Nair,23.76,57.03,71.68,195.0,323.71,9,13:54,1
205,35,E01,Vikram Singh,11.36,27.27,69.17,110.0,206.44,6,11:56,1
206,35,E02,Rajesh Kumar,25.9,62.17,147.45,180.0,389.62,9,15:30,1
207,35,E03,Ananya Sen,17.59,42.22,249.13,195.0,486.35,10,16:36,1
208,35,E04,Karthik Raja,73.57,176.56,37.1,240.0,453.66,12,16:34,1
209,35,E05,Deepak Verma,30.31,72.76,84.14,260.0,416.9,14,15:57,1
210,35,E06,Suresh Nair,23.76,57.03,71.68,195.0,323.71,9,13:54,1
211,36,E01,Vikram Singh,11.36,27.27,69.17,110.0,206.44,6,11:56,1
212,36,E02,Rajesh Kumar,25.9,62.17,147.45,180.0,389.62,9,15:30,1
213,36,E03,Ananya Sen,17.59,42.22,249.13,195.0,486.35,10,16:36,1
214,36,E04,Karthik Raja,73.57,176.56,37.1,240.0,453.66,12,16:34,1
215,36,E05,Deepak Verma,30.31,72.76,84.14,260.0,416.9,14,15:57,1
216,36,E06,Suresh Nair,23.76,57.03,71.68,195.0,323.71,9,13:54,1
217,37,E01,Vikram Singh,11.36,27.27,69.17,110.0,206.44,6,11:56,1
218,37,E02,Rajesh Kumar,25.9,62.17,147.45,180.0,389.62,9,15:30,1
219,37,E03,Ananya Sen,17.59,42.22,249.13,195.0,486.35,10,16:36,1
220,37,E04,Karthik Raja,73.57,176.56,37.1,240.0,453.66,12,16:34,1
221,37,E05,Deepak Verma,30.31,72.76,84.14,260.0,416.9,14,15:57,1
222,37,E06,Suresh Nair,23.76,57.03,71.68,195.0,323.71,9,13:54,1
223,38,E01,Vikram Singh,11.36,27.27,69.17,110.0,206.44,6,11:56,1
224,38,E02,Rajesh Kumar,25.9,62.17,147.45,180.0,389.62,9,15:30,1
225,38,E03,Ananya Sen,17.59,42.22,249.13,195.0,486.35,10,16:36,1
226,38,E04,Karthik Raja,73.57,176.56,37.1,240.0,453.66,12,16:34,1
227,38,E05,Deepak Verma,30.31,72.76,84.14,260.0,416.9,14,15:57,1
228,38,E06,Suresh Nair,23.76,57.03,71.68,195.0,323.71,9,13:54,1
229,39,E01,Vikram Singh,11.36,27.27,69.17,110.0,206.44,6,11:56,1
230,39,E02,Rajesh Kumar,25.9,62.17,147.45,180.0,389.62,9,15:30,1
231,39,E03,Ananya Sen,17.59,42.22,249.13,195.0,486.35,10,16:36,1
232,39,E04,Karthik Raja,73.57,176.56,37.1,240.0,453.66,12,16:34,1
233,39,E05,Deepak Verma,30.31,72.76,84.14,260.0,416.9,14,15:57,1
234,39,E06,Suresh Nair,23.76,57.03,71.68,195.0,323.71,9,13:54,1
235,40,E01,Vikram Singh,11.36,27.27,69.17,110.0,206.44,6,11:56,1
236,40,E02,Rajesh Kumar,25.9,62.17,147.45,180.0,389.62,9,15:30,1
237,40,E03,Ananya Sen,17.59,42.22,249.13,195.0,486.35,10,16:36,1
238,40,E04,Karthik Raja,73.57,176.56,37.1,240.0,453.66,12,16:34,1
239,40,E05,Deepak Verma,30.31,72.76,84.14,260.0,416.9,14,15:57,1
240,40,E06,Suresh Nair,23.76,57.03,71.68,195.0,323.71,9,13:54,1
241,41,E01,Executive ,2.34,5.62,27.19,15.0,47.81,1,09:18,1
242,41,E02,Executive ,0.0,0.0,0.0,0.0,0.0,0,08:30,1
243,41,E03,Executive ,0.0,0.0,0.0,0.0,0.0,0,09:00,1
244,41,E04,Executive ,0.0,0.0,0.0,0.0,0.0,0,08:30,1
245,41,E05,Executive ,0.0,0.0,0.0,0.0,0.0,0,09:00,1
246,41,E06,Executive ,0.0,0.0,0.0,0.0,0.0,0,08:30,1
247,42,E01,Vikram Singh,11.36,27.27,69.17,110.0,206.44,6,11:56,1
248,42,E02,Rajesh Kumar,25.9,62.17,147.45,180.0,389.62,9,15:30,1
249,42,E03,Ananya Sen,17.59,42.22,249.13,195.0,486.35,10,16:36,1
250,42,E04,Karthik Raja,73.57,176.56,37.1,240.0,453.66,12,16:34,1
251,42,E05,Deepak Verma,30.31,72.76,84.14,260.0,416.9,14,15:57,1
252,42,E06,Suresh Nair,23.76,57.03,71.68,195.0,323.71,9,13:54,1
