id,user_id,user_email,action,entity_type,entity_id,created_at
123,,manager@routepilot.io,EXPORT_REPORT_CSV,Plan,17,2026-10-08 14:36:35.120935
122,,manager@routepilot.io,LAUNCH_DEMO_OPTIMIZATION,Plan,17,2026-10-08 14:36:35.057648
121,2.0,manager@routepilot.io,USER_LOGIN,User,2,2026-10-08 14:36:34.535374
120,,manager@routepilot.io,LAUNCH_DEMO_OPTIMIZATION,Plan,17,2026-10-08 14:34:31.546185
119,2.0,manager@routepilot.io,USER_LOGIN,User,2,2026-10-08 14:34:31.207888
118,,manager@routepilot.io,CREATE_DAILY_SNAPSHOT,DailySnapshot,2026-10-08,2026-10-08 14:22:16.172803
117,,manager@routepilot.io,EXPORT_REPORT_CSV,Plan,17,2026-10-07 19:37:37.909000
116,,manager@routepilot.io,LAUNCH_DEMO_OPTIMIZATION,Plan,17,2026-10-07 19:37:37.845809
115,2.0,manager@routepilot.io,USER_LOGIN,User,2,2026-10-07 19:37:37.403443
114,,manager@routepilot.io,EXPORT_REPORT_CSV,Plan,17,2026-10-07 19:26:07.530840
113,,manager@routepilot.io,LAUNCH_DEMO_OPTIMIZATION,Plan,17,2026-10-07 19:26:07.474537
112,2.0,manager@routepilot.io,USER_LOGIN,User,2,2026-10-07 19:26:07.043780
111,,manager@routepilot.io,EXPORT_REPORT_CSV,Plan,17,2026-10-07 19:05:52.785999
110,,manager@routepilot.io,LAUNCH_DEMO_OPTIMIZATION,Plan,17,2026-10-07 19:05:52.711928
109,2.0,manager@routepilot.io,USER_LOGIN,User,2,2026-10-07 19:05:52.265868
108,,manager@routepilot.io,EXPORT_REPORT_CSV,Plan,17,2026-10-07 18:43:19.982334
107,,manager@routepilot.io,LAUNCH_DEMO_OPTIMIZATION,Plan,17,2026-10-07 18:43:19.915558
106,2.0,manager@routepilot.io,USER_LOGIN,User,2,2026-10-07 18:43:19.451707
105,,manager@routepilot.io,EXPORT_REPORT_CSV,Plan,16,2026-10-07 18:14:24.196997
104,,manager@routepilot.io,LAUNCH_DEMO_OPTIMIZATION,Plan,16,2026-10-07 18:14:24.124772
103,2.0,manager@routepilot.io,USER_LOGIN,User,2,2026-10-07 18:14:23.674599
102,,manager@routepilot.io,EXPORT_REPORT_CSV,Plan,16,2026-10-07 18:05:04.551868
101,,manager@routepilot.io,LAUNCH_DEMO_OPTIMIZATION,Plan,16,2026-10-07 18:05:04.487699
100,2.0,manager@routepilot.io,USER_LOGIN,User,2,2026-10-07 18:05:03.985697
99,,manager@routepilot.io,EXPORT_REPORT_CSV,Plan,16,2026-10-07 17:17:42.655910
98,,manager@routepilot.io,LAUNCH_DEMO_OPTIMIZATION,Plan,16,2026-10-07 17:17:42.606708
97,2.0,manager@routepilot.io,USER_LOGIN,User,2,2026-10-07 17:17:42.189180
96,,manager@routepilot.io,EXPORT_REPORT_CSV,Plan,16,2026-10-07 17:13:49.204830
95,,manager@routepilot.io,LAUNCH_DEMO_OPTIMIZATION,Plan,16,2026-10-07 17:13:49.131409
94,2.0,manager@routepilot.io,USER_LOGIN,User,2,2026-10-07 17:13:48.673331
93,2.0,manager@routepilot.io,USER_LOGIN,User,2,2026-10-07 17:01:45.495565
92,1.0,admin@routepilot.io,USER_LOGIN,User,1,2026-10-07 16:24:09.607208
91,,manager@routepilot.io,EXPORT_REPORT_CSV,Plan,16,2026-10-07 16:13:46.663817
90,,manager@routepilot.io,LAUNCH_DEMO_OPTIMIZATION,Plan,16,2026-10-07 16:13:46.564729
89,2.0,manager@routepilot.io,USER_LOGIN,User,2,2026-10-07 16:13:45.662381
88,3.0,executive@routepilot.io,USER_LOGIN,User,3,2026-10-07 16:08:50.868320
87,,manager@routepilot.io,EXPORT_REPORT_CSV,Plan,16,2026-10-07 16:05:05.881240
86,,manager@routepilot.io,LAUNCH_DEMO_OPTIMIZATION,Plan,16,2026-10-07 16:05:05.791979
85,2.0,manager@routepilot.io,USER_LOGIN,User,2,2026-10-07 16:05:04.961468
84,2.0,manager@routepilot.io,USER_LOGIN,User,2,2026-10-07 15:41:04.950636
83,,manager@routepilot.io,EXPORT_REPORT_CSV,Plan,16,2026-10-07 15:39:27.086320
82,,manager@routepilot.io,LAUNCH_DEMO_OPTIMIZATION,Plan,16,2026-10-07 15:39:26.979928
81,2.0,manager@routepilot.io,USER_LOGIN,User,2,2026-10-07 15:39:26.285213
80,,manager@routepilot.io,EXPORT_REPORT_CSV,Plan,16,2026-10-07 15:06:01.906976
79,,manager@routepilot.io,LAUNCH_DEMO_OPTIMIZATION,Plan,16,2026-10-07 15:06:01.850620
78,2.0,manager@routepilot.io,USER_LOGIN,User,2,2026-10-07 15:06:01.421124
77,,manager@routepilot.io,EXPORT_REPORT_CSV,Plan,16,2026-10-07 15:02:23.216706
76,,manager@routepilot.io,LAUNCH_DEMO_OPTIMIZATION,Plan,16,2026-10-07 15:02:23.151969
75,2.0,manager@routepilot.io,USER_LOGIN,User,2,2026-10-07 15:02:22.696792
74,,manager@routepilot.io,EXPORT_REPORT_CSV,Plan,16,2026-10-07 14:57:19.299908
73,,manager@routepilot.io,LAUNCH_DEMO_OPTIMIZATION,Plan,16,2026-10-07 14:57:19.237577
72,2.0,manager@routepilot.io,USER_LOGIN,User,2,2026-10-07 14:57:18.789401
71,2.0,manager@routepilot.io,USER_LOGIN,User,2,2026-10-07 14:41:51.579665
70,,manager@routepilot.io,EXPORT_REPORT_CSV,Plan,16,2026-10-07 14:32:05.262828
69,,manager@routepilot.io,LAUNCH_DEMO_OPTIMIZATION,Plan,16,2026-10-07 14:32:05.160857
68,2.0,manager@routepilot.io,USER_LOGIN,User,2,2026-10-07 14:32:04.585762
67,2.0,manager@routepilot.io,USER_LOGIN,User,2,2026-10-07 14:28:03.669866
66,2.0,manager@routepilot.io,USER_LOGIN,User,2,2026-10-06 19:21:29.114490
65,,manager@routepilot.io,EXPORT_REPORT_CSV,Plan,16,2026-10-06 19:10:24.011180
64,,manager@routepilot.io,LAUNCH_DEMO_OPTIMIZATION,Plan,16,2026-10-06 19:10:23.962478
63,2.0,manager@routepilot.io,USER_LOGIN,User,2,2026-10-06 19:10:23.562469
62,,manager@routepilot.io,EXPORT_REPORT_CSV,Plan,16,2026-10-06 18:40:49.491427
61,,manager@routepilot.io,LAUNCH_DEMO_OPTIMIZATION,Plan,16,2026-10-06 18:40:49.441235
60,2.0,manager@routepilot.io,USER_LOGIN,User,2,2026-10-06 18:40:49.003878
59,,manager@routepilot.io,EXPORT_REPORT_CSV,Plan,15,2026-10-06 16:03:48.239148
58,,manager@routepilot.io,LAUNCH_DEMO_OPTIMIZATION,Plan,15,2026-10-06 16:03:48.141517
57,2.0,manager@routepilot.io,USER_LOGIN,User,2,2026-10-06 16:03:47.310262
56,,manager@routepilot.io,EXPORT_REPORT_CSV,Plan,15,2026-10-06 15:46:42.523002
55,,manager@routepilot.io,LAUNCH_DEMO_OPTIMIZATION,Plan,15,2026-10-06 15:46:42.464110
54,2.0,manager@routepilot.io,USER_LOGIN,User,2,2026-10-06 15:46:41.932739
53,2.0,manager@routepilot.io,USER_LOGIN,User,2,2026-10-06 15:32:22.624670
52,,executive@routepilot.io,VISIT_STARTED,RouteStop,1201,2026-10-06 15:20:51.393667
51,,manager@routepilot.io,EXPORT_REPORT_CSV,Plan,15,2026-10-06 15:12:55.246841
50,,manager@routepilot.io,LAUNCH_DEMO_OPTIMIZATION,Plan,15,2026-10-06 15:12:55.153079
49,2.0,manager@routepilot.io,USER_LOGIN,User,2,2026-10-06 15:12:54.282373
48,,manager@routepilot.io,EXPORT_REPORT_CSV,Plan,15,2026-10-06 14:48:20.954410
47,,manager@routepilot.io,LAUNCH_DEMO_OPTIMIZATION,Plan,15,2026-10-06 14:48:20.887561
46,2.0,manager@routepilot.io,USER_LOGIN,User,2,2026-10-06 14:48:20.359966
45,,manager@routepilot.io,EXPORT_REPORT_CSV,Plan,15,2026-10-06 13:38:51.231913
44,,manager@routepilot.io,LAUNCH_DEMO_OPTIMIZATION,Plan,15,2026-10-06 13:38:51.154977
43,2.0,manager@routepilot.io,USER_LOGIN,User,2,2026-10-06 13:38:50.745659
42,,manager@routepilot.io,EXPORT_REPORT_CSV,Plan,15,2026-10-06 13:20:45.668754
41,,manager@routepilot.io,LAUNCH_DEMO_OPTIMIZATION,Plan,15,2026-10-06 13:20:45.610056
40,2.0,manager@routepilot.io,USER_LOGIN,User,2,2026-10-06 13:20:45.177180
39,,manager@routepilot.io,LAUNCH_DEMO_OPTIMIZATION,Plan,15,2026-10-06 13:05:06.516539
38,2.0,manager@routepilot.io,USER_LOGIN,User,2,2026-10-06 13:05:06.069562
37,,manager@routepilot.io,LAUNCH_DEMO_OPTIMIZATION,Plan,15,2026-10-06 13:03:35.429902
36,2.0,manager@routepilot.io,USER_LOGIN,User,2,2026-10-06 13:03:34.959296
35,,manager@routepilot.io,LAUNCH_DEMO_OPTIMIZATION,Plan,15,2026-10-06 12:55:59.671026
34,2.0,manager@routepilot.io,USER_LOGIN,User,2,2026-10-06 12:55:59.222311
33,,manager@routepilot.io,LAUNCH_DEMO_OPTIMIZATION,Plan,14,2026-10-06 12:54:08.408433
32,2.0,manager@routepilot.io,USER_LOGIN,User,2,2026-10-06 12:54:07.999956
31,,manager@routepilot.io,LAUNCH_DEMO_OPTIMIZATION,Plan,13,2026-10-06 12:47:50.110975
30,2.0,manager@routepilot.io,USER_LOGIN,User,2,2026-10-06 12:47:49.669354
29,,manager@routepilot.io,LAUNCH_DEMO_OPTIMIZATION,Plan,12,2026-10-06 12:42:44.754269
28,2.0,manager@routepilot.io,USER_LOGIN,User,2,2026-10-06 12:42:44.314693
27,,manager@routepilot.io,CREATE_DAILY_SNAPSHOT,DailySnapshot,2026-10-06,2026-10-06 12:06:22.731050
26,,manager@routepilot.io,LAUNCH_DEMO_OPTIMIZATION,Plan,11,2026-10-06 12:05:40.176949
25,2.0,manager@routepilot.io,USER_LOGIN,User,2,2026-10-06 12:05:39.713647
24,,manager@routepilot.io,LAUNCH_DEMO_OPTIMIZATION,Plan,10,2026-10-06 11:52:13.414051
23,2.0,manager@routepilot.io,USER_LOGIN,User,2,2026-10-06 11:52:12.956722
22,,manager@routepilot.io,LAUNCH_DEMO_OPTIMIZATION,Plan,9,2026-10-06 11:41:33.678149
21,2.0,manager@routepilot.io,USER_LOGIN,User,2,2026-10-06 11:41:33.225192
20,2.0,manager@routepilot.io,USER_LOGIN,User,2,2026-10-06 11:27:43.252476
19,2.0,manager@routepilot.io,USER_LOGIN,User,2,2026-10-06 11:15:51.615262
18,1.0,admin@routepilot.io,USER_LOGIN,User,1,2026-10-06 11:15:30.643212
17,,manager@routepilot.io,LAUNCH_DEMO_OPTIMIZATION,Plan,8,2026-10-06 11:14:18.324023
16,2.0,manager@routepilot.io,USER_LOGIN,User,2,2026-10-06 11:14:17.891077
15,,manager@routepilot.io,LAUNCH_DEMO_OPTIMIZATION,Plan,7,2026-10-06 10:50:19.982267
14,2.0,manager@routepilot.io,USER_LOGIN,User,2,2026-10-06 10:50:11.798736
13,,manager@routepilot.io,LAUNCH_DEMO_OPTIMIZATION,Plan,6,2026-10-06 10:43:33.117393
12,2.0,manager@routepilot.io,USER_LOGIN,User,2,2026-10-06 10:43:32.582999
11,,manager@routepilot.io,LAUNCH_DEMO_OPTIMIZATION,Plan,5,2026-10-06 10:33:15.844202
10,2.0,manager@routepilot.io,USER_LOGIN,User,2,2026-10-06 10:33:15.409172
9,,manager@routepilot.io,LAUNCH_DEMO_OPTIMIZATION,Plan,4,2026-10-06 09:48:34.868630
8,2.0,manager@routepilot.io,USER_LOGIN,User,2,2026-10-06 09:48:34.423503
7,,manager@routepilot.io,LAUNCH_DEMO_OPTIMIZATION,Plan,3,2026-10-05 14:31:51.842261
6,2.0,manager@routepilot.io,USER_LOGIN,User,2,2026-10-05 14:31:51.257630
5,2.0,manager@routepilot.io,USER_LOGIN,User,2,2026-10-01 16:42:39.482828
4,,manager@routepilot.io,LAUNCH_DEMO_OPTIMIZATION,Plan,2,2026-10-01 16:37:25.815419
3,2.0,manager@routepilot.io,USER_LOGIN,User,2,2026-10-01 16:37:25.290844
2,,manager@routepilot.io,LAUNCH_DEMO_OPTIMIZATION,Plan,1,2026-10-01 16:23:46.367867
1,2.0,manager@routepilot.io,USER_LOGIN,User,2,2026-10-01 16:23:45.816230
