id,name,area,lat,lon,dpd,overdue_amount,priority_score,ptp_today,window_start,window_end,service_min,status,created_at
C001,Northgate Traders,Gachibowli,12.978278,77.5946,45,34500.0,88.0,1,09:00,12:00,15,pending,2026-10-01 16:19:10.428807
C002,Harbor Point Retail,Madhapur,12.96175,77.5971,62,21800.0,41.0,1,09:30,13:00,15,pending,2026-10-01 16:19:10.428813
C003,Civic Plaza Pharmacy,Hitech City,12.934,77.621,30,18200.0,75.0,1,10:00,13:30,20,pending,2026-10-01 16:19:10.428815
C004,Eastfield Auto Components,Banjara Hills,12.9784,77.6408,85,62000.0,92.0,1,11:00,15:00,20,pending,2026-10-01 16:19:10.428817
C005,Apex Electronics Depot,Jubilee Hills,13.0031,77.5702,15,12500.0,45.0,0,09:30,14:00,15,pending,2026-10-01 16:19:10.428818
C006,Metro Garments Ltd,Kukatpally,12.9915,77.5525,90,78000.0,95.0,1,10:30,14:30,25,pending,2026-10-01 16:19:10.428819
C007,Greenfield Agro Supply,Secunderabad,12.925,77.5938,25,14000.0,50.0,0,13:00,17:00,15,pending,2026-10-01 16:19:10.428821
C008,Sunrise Medical Stores,Begumpet,12.9166,77.6101,40,29000.0,68.0,1,13:30,17:00,15,pending,2026-10-01 16:19:10.428822
C009,Zenith Hardware & Tools,Ameerpet,12.9609,77.6387,10,8500.0,35.0,0,14:00,17:30,15,pending,2026-10-01 16:19:10.428823
C010,Blueline Logistics Hub,Mehdipatnam,13.0359,77.597,120,95000.0,98.0,1,10:00,15:00,30,pending,2026-10-01 16:19:10.428824
C011,Account C011 - Madhapur,Madhapur,12.91975,77.614251,30,21046.86,50.4,1,14:00,17:00,25,pending,2026-10-01 16:19:10.428825
C012,Account C012 - Secunderabad,Secunderabad,13.021853,77.584811,30,63115.86,67.2,1,10:00,15:00,25,pending,2026-10-01 16:19:10.428826
C013,Account C013 - Secunderabad,Secunderabad,13.027513,77.599678,180,104969.54,100.0,0,10:00,15:00,20,pending,2026-10-01 16:19:10.428827
C014,Account C014 - Kukatpally,Kukatpally,12.905436,77.636059,180,43708.37,100.0,1,09:00,13:00,20,pending,2026-10-01 16:19:10.428829
C015,Account C015 - Jubilee Hills,Jubilee Hills,12.979014,77.756892,90,19355.01,43.7,0,09:00,14:00,20,pending,2026-10-01 16:19:10.428830
C016,Account C016 - Kukatpally,Kukatpally,12.914421,77.650737,15,81045.28,38.4,0,09:00,12:00,15,pending,2026-10-01 16:19:10.428831
C017,Account C017 - Secunderabad,Secunderabad,13.029239,77.601071,45,23705.22,27.5,0,11:00,16:00,25,pending,2026-10-01 16:19:10.428832
C018,Account C018 - Madhapur,Madhapur,12.937274,77.611134,120,33153.26,61.3,0,11:00,16:00,25,pending,2026-10-01 16:19:10.428833
C019,Account C019 - Banjara Hills,Banjara Hills,13.008638,77.580486,180,11432.86,76.6,0,11:00,15:00,20,pending,2026-10-01 16:19:10.428834
C020,Account C020 - Madhapur,Madhapur,12.925329,77.634287,120,41187.96,64.5,0,13:00,18:00,20,pending,2026-10-01 16:19:10.428835
C021,Account C021 - Hitech City,Hitech City,12.917946,77.586199,90,66982.39,62.8,0,13:00,18:00,20,pending,2026-10-01 16:19:10.428836
C022,Account C022 - Kukatpally,Kukatpally,12.90368,77.659526,90,61754.32,60.7,0,09:00,12:00,25,pending,2026-10-01 16:19:10.428837
C023,Account C023 - Hitech City,Hitech City,12.933762,77.591465,15,49248.24,25.7,0,13:00,18:00,20,pending,2026-10-01 16:19:10.428839
C024,Account C024 - Gachibowli,Gachibowli,12.983809,77.629237,90,91350.95,72.5,0,11:00,14:00,20,pending,2026-10-01 16:19:10.428840
C025,Account C025 - Secunderabad,Secunderabad,13.025645,77.582097,120,105723.09,100.0,1,14:00,17:00,25,pending,2026-10-01 16:19:10.428841
C026,Account C026 - Madhapur,Madhapur,12.945116,77.614953,120,63381.23,100.0,1,11:00,14:00,25,pending,2026-10-01 16:19:10.428842
C027,Account C027 - Gachibowli,Gachibowli,12.981368,77.640458,15,111846.34,50.7,0,11:00,14:00,15,pending,2026-10-01 16:19:10.428843
C028,Account C028 - Banjara Hills,Banjara Hills,13.01444,77.583608,15,89169.37,41.7,0,14:00,17:00,15,pending,2026-10-01 16:19:10.428844
C029,Account C029 - Begumpet,Begumpet,12.988405,77.594954,90,105329.8,78.1,0,10:00,15:00,25,pending,2026-10-01 16:19:10.428845
C030,Account C030 - Banjara Hills,Banjara Hills,13.009488,77.56717,120,79735.98,79.9,0,14:00,18:00,15,pending,2026-10-01 16:19:10.428846
C031,Account C031 - Banjara Hills,Banjara Hills,12.994841,77.565343,90,68700.98,63.5,0,09:00,12:00,25,pending,2026-10-01 16:19:10.428847
C032,Account C032 - Gachibowli,Gachibowli,12.970268,77.652963,180,42999.28,89.2,0,11:00,16:00,20,pending,2026-10-01 16:19:10.428848
C033,Account C033 - Banjara Hills,Banjara Hills,13.004277,77.576901,90,71264.34,94.5,1,13:00,17:00,15,pending,2026-10-01 16:19:10.428850
C034,Account C034 - Madhapur,Madhapur,12.921908,77.618932,60,52276.76,44.9,0,09:00,14:00,25,pending,2026-10-01 16:19:10.428851
C035,Account C035 - Madhapur,Madhapur,12.920818,77.627846,180,104092.34,100.0,1,10:00,15:00,20,pending,2026-10-01 16:19:10.428852
C036,Account C036 - Hitech City,Hitech City,12.922656,77.587156,30,105565.88,84.2,1,14:00,17:00,15,pending,2026-10-01 16:19:10.428853
C037,Account C037 - Gachibowli,Gachibowli,12.99247,77.653591,180,32183.64,84.9,0,13:00,16:00,20,pending,2026-10-01 16:19:10.428854
C038,Account C038 - Gachibowli,Gachibowli,12.968339,77.625865,60,35498.35,38.2,0,13:00,17:00,20,pending,2026-10-01 16:19:10.428855
C039,Account C039 - Begumpet,Begumpet,12.964644,77.598901,15,71605.73,34.6,0,11:00,14:00,15,pending,2026-10-01 16:19:10.428856
C040,Account C040 - Begumpet,Begumpet,12.975086,77.615582,30,11541.15,16.6,0,10:00,13:00,25,pending,2026-10-01 16:19:10.428857
C041,Account C041 - Madhapur,Madhapur,12.939256,77.613056,15,113283.55,51.3,0,14:00,19:00,15,pending,2026-10-01 16:19:10.428858
C042,Account C042 - Madhapur,Madhapur,12.931577,77.62351,90,41382.53,82.6,1,11:00,14:00,20,pending,2026-10-01 16:19:10.428859
C043,Account C043 - Secunderabad,Secunderabad,13.024826,77.601365,60,41360.38,40.5,0,09:00,12:00,20,pending,2026-10-01 16:19:10.428860
C044,Account C044 - Madhapur,Madhapur,12.921198,77.612395,45,20232.51,56.1,1,09:00,12:00,20,pending,2026-10-01 16:19:10.428862
C045,Account C045 - Jubilee Hills,Jubilee Hills,12.959532,77.760012,120,39789.47,63.9,0,14:00,17:00,25,pending,2026-10-01 16:19:10.428863
C046,Account C046 - Jubilee Hills,Jubilee Hills,12.982753,77.738108,30,35413.58,26.2,0,14:00,17:00,20,pending,2026-10-01 16:19:10.428864
C047,Account C047 - Jubilee Hills,Jubilee Hills,12.972945,77.756528,30,84062.17,45.6,0,14:00,18:00,20,pending,2026-10-01 16:19:10.428865
C048,Account C048 - Gachibowli,Gachibowli,12.966169,77.638507,45,10069.98,52.0,1,10:00,15:00,20,pending,2026-10-01 16:19:10.428866
C049,Account C049 - Hitech City,Hitech City,12.932237,77.59535,60,69504.29,81.8,1,10:00,15:00,15,pending,2026-10-01 16:19:10.428867
C050,Account C050 - Kukatpally,Kukatpally,12.914575,77.634043,30,9810.32,15.9,0,09:00,13:00,15,pending,2026-10-01 16:19:10.428868
C051,Account C051 - Banjara Hills,Banjara Hills,13.008108,77.56581,90,106675.49,78.7,0,14:00,19:00,15,pending,2026-10-01 16:19:10.428869
C052,Account C052 - Banjara Hills,Banjara Hills,13.014038,77.584486,180,25361.02,82.1,0,10:00,15:00,20,pending,2026-10-01 16:19:10.428871
C053,Account C053 - Secunderabad,Secunderabad,13.044967,77.607922,180,33539.23,100.0,1,09:00,13:00,15,pending,2026-10-01 16:19:10.428872
C054,Account C054 - Begumpet,Begumpet,12.966673,77.614498,60,45210.72,42.1,0,10:00,13:00,15,pending,2026-10-01 16:19:10.428873
C055,Account C055 - Banjara Hills,Banjara Hills,13.000054,77.563558,15,116192.25,82.5,1,14:00,18:00,25,pending,2026-10-01 16:19:10.428874
C056,Account C056 - Kukatpally,Kukatpally,12.925277,77.63306,45,25535.3,28.2,0,11:00,14:00,15,pending,2026-10-01 16:19:10.428875
C057,Account C057 - Secunderabad,Secunderabad,13.031271,77.605593,60,74714.02,53.9,0,13:00,18:00,15,pending,2026-10-01 16:19:10.428876
C058,Account C058 - Jubilee Hills,Jubilee Hills,12.956132,77.748082,90,111441.14,80.6,0,10:00,14:00,20,pending,2026-10-01 16:19:10.428877
C059,Account C059 - Madhapur,Madhapur,12.947466,77.633623,90,41100.3,52.4,0,11:00,16:00,20,pending,2026-10-01 16:19:10.428878
C060,Account C060 - Secunderabad,Secunderabad,13.030685,77.602916,90,19638.1,43.9,0,13:00,18:00,25,pending,2026-10-01 16:19:10.428879
