id,snapshot_id,name,plan_date,current_version,status,created_at,updated_at
17,6,Daily Field Visit Plan — 2026-10-08,2026-10-08,6,ready,2026-10-07 18:43:19.758331,2026-10-08 14:36:34.917951
16,5,Daily Field Visit Plan — 2026-10-07,2026-10-07,13,ready,2026-10-06 18:40:49.328778,2026-10-07 18:14:23.977218
15,4,Daily Field Visit Plan — 2026-10-06,2026-10-06,9,ready,2026-10-06 12:55:59.513003,2026-10-06 16:03:47.957763
14,4,Daily Field Visit Plan — 2026-10-06,2026-10-06,1,ready,2026-10-06 12:54:08.290042,2026-10-06 12:54:08.290047
13,4,Daily Field Visit Plan — 2026-10-06,2026-10-06,1,ready,2026-10-06 12:47:49.965629,2026-10-06 12:47:49.965634
12,4,Daily Field Visit Plan — 2026-10-06,2026-10-06,1,ready,2026-10-06 12:42:44.602142,2026-10-06 12:42:44.602146
11,3,Daily Field Visit Plan — 2026-10-06,2026-10-06,1,ready,2026-10-06 12:05:40.013269,2026-10-06 12:05:40.013274
10,3,Daily Field Visit Plan — 2026-10-06,2026-10-06,1,ready,2026-10-06 11:52:13.282846,2026-10-06 11:52:13.282851
9,3,Daily Field Visit Plan — 2026-10-06,2026-10-06,1,ready,2026-10-06 11:41:33.539241,2026-10-06 11:41:33.539246
8,3,Daily Field Visit Plan — 2026-10-06,2026-10-06,1,ready,2026-10-06 11:14:18.194695,2026-10-06 11:14:18.194699
7,3,Daily Field Visit Plan — 2026-10-06,2026-10-06,1,ready,2026-10-06 10:50:19.862848,2026-10-06 10:50:19.862854
6,3,Daily Field Visit Plan — 2026-10-06,2026-10-06,1,ready,2026-10-06 10:43:32.867110,2026-10-06 10:43:32.867115
5,3,Daily Field Visit Plan — 2026-10-06,2026-10-06,1,ready,2026-10-06 10:33:15.721595,2026-10-06 10:33:15.721600
4,3,Daily Field Visit Plan — 2026-10-06,2026-10-06,1,ready,2026-10-06 09:48:34.736898,2026-10-06 09:48:34.736902
3,2,Daily Field Visit Plan — 2026-10-05,2026-10-05,1,ready,2026-10-05 14:31:51.644831,2026-10-05 14:31:51.644838
2,1,Daily Field Visit Plan — 2026-10-01,2026-10-01,1,ready,2026-10-01 16:37:25.662810,2026-10-01 16:37:25.662815
1,1,Daily Field Visit Plan — 2026-10-01,2026-10-01,1,ready,2026-10-01 16:23:46.183027,2026-10-01 16:23:46.183033
