id,plan_id,version_number,algorithm,lambda_param,total_distance_km,total_priority_score,total_score,ptp_scheduled,ptp_total,ptp_coverage_pct,customers_visited,customers_skipped,constraint_violations_count,runtime_ms,is_published,created_at
42,17,6,smart_greedy_two_opt,2.0,182.49,3799.6,3434.62,21,21,100.0,60,0,0,235.41,0,2026-10-08 14:36:34.943416
41,17,5,smart_greedy_two_opt,2.0,2.34,50.0,45.32,0,20,0.0,1,59,0,18.86,0,2026-10-08 14:34:31.413651
40,17,4,smart_greedy_two_opt,2.0,182.49,3799.6,3434.62,21,21,100.0,60,0,0,194.67,0,2026-10-07 19:37:37.719980
39,17,3,smart_greedy_two_opt,2.0,182.49,3799.6,3434.62,21,21,100.0,60,0,0,196.94,0,2026-10-07 19:26:07.354767
38,17,2,smart_greedy_two_opt,2.0,182.49,3799.6,3434.62,21,21,100.0,60,0,0,189.92,0,2026-10-07 19:05:52.585898
37,17,1,smart_greedy_two_opt,2.0,182.49,3799.6,3434.62,21,21,100.0,60,0,0,187.62,0,2026-10-07 18:43:19.772171
36,16,13,smart_greedy_two_opt,2.0,182.49,3799.6,3434.62,21,21,100.0,60,0,0,188.61,0,2026-10-07 18:14:23.991403
35,16,12,smart_greedy_two_opt,2.0,182.49,3799.6,3434.62,21,21,100.0,60,0,0,232.12,0,2026-10-07 18:05:04.368448
34,16,11,smart_greedy_two_opt,2.0,182.49,3799.6,3434.62,21,21,100.0,60,0,0,190.04,0,2026-10-07 17:17:42.508231
33,16,10,smart_greedy_two_opt,2.0,182.49,3799.6,3434.62,21,21,100.0,60,0,0,189.54,0,2026-10-07 17:13:49.005756
32,16,9,smart_greedy_two_opt,2.0,182.49,3799.6,3434.62,21,21,100.0,60,0,0,473.24,0,2026-10-07 16:13:46.395029
31,16,8,smart_greedy_two_opt,2.0,182.49,3799.6,3434.62,21,21,100.0,60,0,0,451.75,0,2026-10-07 16:05:05.646390
30,16,7,smart_greedy_two_opt,2.0,182.49,3799.6,3434.62,21,21,100.0,60,0,0,266.67,0,2026-10-07 15:39:26.727786
29,16,6,smart_greedy_two_opt,2.0,182.49,3799.6,3434.62,21,21,100.0,60,0,0,188.7,0,2026-10-07 15:06:01.740682
28,16,5,smart_greedy_two_opt,2.0,182.49,3799.6,3434.62,21,21,100.0,60,0,0,188.13,0,2026-10-07 15:02:23.032698
27,16,4,smart_greedy_two_opt,2.0,182.49,3799.6,3434.62,21,21,100.0,60,0,0,191.31,0,2026-10-07 14:57:19.098296
26,16,3,smart_greedy_two_opt,2.0,182.49,3799.6,3434.62,21,21,100.0,60,0,0,237.92,0,2026-10-07 14:32:05.027249
25,16,2,smart_greedy_two_opt,2.0,182.49,3799.6,3434.62,21,21,100.0,60,0,0,181.63,0,2026-10-06 19:10:23.862326
24,16,1,smart_greedy_two_opt,2.0,182.49,3799.6,3434.62,21,21,100.0,60,0,0,182.4,0,2026-10-06 18:40:49.341783
23,15,9,smart_greedy_two_opt,2.0,182.49,3799.6,3434.62,21,21,100.0,60,0,0,438.45,0,2026-10-06 16:03:47.979712
22,15,8,smart_greedy_two_opt,2.0,182.49,3799.6,3434.62,21,21,100.0,60,0,0,230.73,0,2026-10-06 15:46:42.330886
21,15,7,smart_greedy_two_opt,2.0,182.49,3799.6,3434.62,21,21,100.0,60,0,0,451.15,0,2026-10-06 15:12:54.994626
20,15,6,smart_greedy_two_opt,2.0,182.49,3799.6,3434.62,21,21,100.0,60,0,0,243.63,0,2026-10-06 14:48:20.768184
19,15,5,smart_greedy_two_opt,2.0,182.49,3799.6,3434.62,21,21,100.0,60,0,0,187.39,0,2026-10-06 13:38:51.054544
18,15,4,smart_greedy_two_opt,2.0,182.49,3799.6,3434.62,21,21,100.0,60,0,0,185.16,0,2026-10-06 13:20:45.487680
17,15,3,smart_greedy_two_opt,2.0,182.49,3799.6,3434.62,21,21,100.0,60,0,0,190.68,0,2026-10-06 13:05:06.397825
16,15,1,smart_greedy_two_opt,2.0,182.49,3799.6,3434.62,21,21,100.0,60,0,0,204.47,0,2026-10-06 13:03:35.322671
15,15,1,smart_greedy_two_opt,2.0,182.49,3799.6,3434.62,21,21,100.0,60,0,0,186.59,0,2026-10-06 12:55:59.537505
14,14,1,smart_greedy_two_opt,2.0,182.49,3799.6,3434.62,21,21,100.0,60,0,0,184.52,0,2026-10-06 12:54:08.303393
13,13,1,smart_greedy_two_opt,2.0,182.49,3799.6,3434.62,21,21,100.0,60,0,0,190.01,0,2026-10-06 12:47:49.990739
12,12,1,smart_greedy_two_opt,2.0,182.49,3799.6,3434.62,21,21,100.0,60,0,0,182.57,0,2026-10-06 12:42:44.627630
11,11,1,smart_greedy_two_opt,2.0,182.49,3799.6,3434.62,21,21,100.0,60,0,0,194.85,0,2026-10-06 12:05:40.038883
10,10,1,smart_greedy_two_opt,2.0,182.49,3799.6,3434.62,21,21,100.0,60,0,0,207.73,0,2026-10-06 11:52:13.297427
9,9,1,smart_greedy_two_opt,2.0,182.49,3799.6,3434.62,21,21,100.0,60,0,0,196.78,0,2026-10-06 11:41:33.564572
8,8,1,smart_greedy_two_opt,2.0,182.49,3799.6,3434.62,21,21,100.0,60,0,0,183.81,0,2026-10-06 11:14:18.209419
7,7,1,smart_greedy_two_opt,2.0,182.49,3799.6,3434.62,21,21,100.0,60,0,0,194.9,0,2026-10-06 10:50:19.879826
6,6,1,smart_greedy_two_opt,2.0,182.49,3799.6,3434.62,21,21,100.0,60,0,0,187.69,0,2026-10-06 10:43:32.918061
5,5,1,smart_greedy_two_opt,2.0,182.49,3799.6,3434.62,21,21,100.0,60,0,0,185.24,0,2026-10-06 10:33:15.736376
4,4,1,smart_greedy_two_opt,2.0,182.49,3799.6,3434.62,21,21,100.0,60,0,0,195.92,0,2026-10-06 09:48:34.752692
3,3,1,smart_greedy_two_opt,2.0,182.49,3799.6,3434.62,21,21,100.0,60,0,0,254.09,0,2026-10-05 14:31:51.663029
2,2,1,smart_greedy_two_opt,2.0,182.49,3799.6,3434.62,21,21,100.0,60,0,0,226.05,0,2026-10-01 16:37:25.683352
1,1,1,smart_greedy_two_opt,2.0,182.49,3799.6,3434.62,21,21,100.0,60,0,0,210.81,0,2026-10-01 16:23:46.211982
